{"0.1": 8.00989411553447, "0.2": 7.4516007856071935, "0.3": 7.317338816061429, "0.4": 7.431819884655929, "0.5": 7.430538137777815, "0.6": 7.252565078621507, "0.7": 7.229253372888923, "0.8": 7.208483354228068, "0.9": 7.045209386841256}