{"0.1": 5.83237034893239, "0.2": 5.817199094701501, "0.3": 5.751289482952601, "0.4": 5.806242239993126, "0.5": 5.7125032451884135, "0.6": 5.704243210949717, "0.7": 5.7210481987202595, "0.8": 5.662918952300095, "0.9": 5.614294414926346}